repo|tags
('dcsgva-devsecops-prd/add_ip', ['latest'])
('dcsgva-devsecops-prd/alpine', ['3.10.3'])
('dcsgva-devsecops-prd/base-image', ['latest'])
('dcsgva-devsecops-prd/busybox', ['1.31'])
('dcsgva-devsecops-prd/config-validator', ['572e207'])
('dcsgva-devsecops-prd/dcsgva-release-cloud-builder', ['1.17.2ff45c0', '1.17.443cb79', '1.17.f613774', '2.0.183a08a', '2.0.37f5f14', '2.0.4bfcae4', '2.0.a3af740', '2.0.abe8e14', '2.0.d118151', '2.0.db2fa23', 'latest'])
('dcsgva-devsecops-prd/dcsgva-sonarqube-scanner', ['4.2.0.1873.01ac650', '4.2.0.1873.4058a39', '4.2.0.1873.4b54ffe', '4.2.0.1873.93b3a55', '4.2.0.1873.9c12905', '4.2.0.1873.baa79d3'])
('dcsgva-devsecops-prd/delete_ip', ['latest'])
('dcsgva-devsecops-prd/forseti', ['v2.25.0'])
('dcsgva-devsecops-prd/gce-proxy', ['latest'])
('dcsgva-devsecops-prd/gcr.io/google-containers/kube-scheduler-amd64', ['v1.11.2', 'v1.15.10-beta.0'])
('dcsgva-devsecops-prd/gcr.io/google-containers/pause', ['3.0'])
('dcsgva-devsecops-prd/git-sync', ['v3.1.2'])
('dcsgva-devsecops-prd/helm', ['latest'])
('dcsgva-devsecops-prd/jetstack/kube-lego', ['0.1.7', 'latest'])
('dcsgva-devsecops-prd/jupyterhub/configurable-http-proxy', ['3.0.0', 'latest'])
('dcsgva-devsecops-prd/jupyterhub/k8s-hub', ['0.8.2', '0.9.0-beta.3'])
('dcsgva-devsecops-prd/jupyterhub/k8s-image-awaiter', ['0.8.2', '0.9.0-beta.3'])
('dcsgva-devsecops-prd/jupyterhub/k8s-network-tools', ['0.8.2', '0.9.0-beta.3'])
('dcsgva-devsecops-prd/jupyterhub/k8s-singleuser-sample', ['0.8.2', '0.9.0-beta.3.n001.h1cd1311'])
('dcsgva-devsecops-prd/jupyterhub/k8s-singleuser-test', ['latest'])
('dcsgva-devsecops-prd/microservice-scanner', ['latest'])
('dcsgva-devsecops-prd/minideb', ['latest'])
('dcsgva-devsecops-prd/ms-cmdb-publisher-appservice', ['1.0.12e6d8a-snapshot', '1.0.1f81c17-snapshot', '1.0.397ff8d-snapshot', '1.0.5653949-snapshot', '1.0.5e37327-snapshot', '1.0.6161786-snapshot', '1.0.6e5e59f-snapshot', '1.0.7d17d22-snapshot', '1.0.9cefb81-snapshot', '1.0.ab34ac3-snapshot', '1.0.aba6cab-snapshot', '1.0.bbae3fe-snapshot', '1.0.c16f188-snapshot', '1.0.d65897d-snapshot', '1.0.de3612f-snapshot', '1.0.dfecb31-snapshot', '1.0.edebd40-snapshot'])
('dcsgva-devsecops-prd/ms-cmdb-publisher-atm', ['1.0.0927ef8-snapshot', '1.0.43f6be8-snapshot', '1.0.73f6f79-snapshot', '1.0.b4ed222-snapshot', '1.0.b7a331c-snapshot', '1.0.c0b930b-snapshot', '1.0.c106a90-snapshot', '1.0.c23021b-snapshot'])
('dcsgva-devsecops-prd/ms-cmdb-publisher-businessapp', ['1.0.0c4ec41-snapshot', '1.0.3e9d48c-snapshot', '1.0.c480e14-snapshot', '1.0.deb1919-snapshot', '1.0.e28f161-snapshot', '1.0.e7d1224-snapshot', '1.0.fdcc874-snapshot'])
('dcsgva-devsecops-prd/ms-cmdb-publisher-cluster', ['1.0.1f898eb-snapshot', '1.0.4b76058-snapshot', '1.0.5b6c75b-snapshot', '1.0.615f5c4-snapshot', '1.0.6f2d66b-snapshot', '1.0.759a893-snapshot', '1.0.80c9e20-snapshot'])
('dcsgva-devsecops-prd/ms-cmdb-publisher-database', ['1.0.1cb1501-snapshot', '1.0.298fc02-snapshot', '1.0.94b314e-snapshot', '1.0.b9b2229-snapshot', '1.0.ba71914-snapshot', '1.0.cd7e23c-snapshot', '1.0.faa42f6-snapshot'])
('dcsgva-devsecops-prd/ms-cmdb-publisher-middleware', ['1.0.11be4ab-snapshot', '1.0.7736b54-snapshot', '1.0.bf207bb-snapshot', '1.0.c07dfc6-snapshot', '1.0.cfaf507-snapshot', '1.0.d0aff80-snapshot'])
('dcsgva-devsecops-prd/ms-cmdb-publisher-networkgear', ['1.0.166d374-snapshot', '1.0.38f8015-snapshot', '1.0.55f43e0-snapshot', '1.0.5d2ed29-snapshot', '1.0.8a1b330-snapshot', '1.0.c2ff500-snapshot', '1.0.ee98e2d-snapshot'])
('dcsgva-devsecops-prd/ms-cmdb-publisher-printer', ['1.0.0dfe4af-snapshot', '1.0.770afb1-snapshot', '1.0.9d5406a-snapshot', '1.0.b9115cb-snapshot', '1.0.d2c3f2c-snapshot', '1.0.db7d780-snapshot', '1.0.e3d22da-snapshot', '1.0.ec945f7-snapshot', '1.0.f695b73-snapshot'])
('dcsgva-devsecops-prd/ms-cmdb-publisher-relationship', ['1.0.07c2978-snapshot', '1.0.32c5a29-snapshot', '1.0.5e23f47-snapshot', '1.0.5fee4b3-snapshot', '1.0.6be3c16-snapshot', '1.0.770afb1-snapshot', '1.0.7d3ff88-snapshot', '1.0.967233b-snapshot', '1.0.9f4eb95-snapshot', '1.0.b43e3fb-snapshot', '1.0.ced1aa2-snapshot', '1.0.d2427e4-snapshot', '1.0.d37c385-snapshot', '1.0.f726ccc-snapshot'])
('dcsgva-devsecops-prd/ms-cmdb-publisher-relationshiptype', ['1.0.185bf6d-snapshot', '1.0.312670c-snapshot', '1.0.4520a21-snapshot', '1.0.5e0e194-snapshot', '1.0.795ff5a-snapshot', '1.0.7ca061a-snapshot', '1.0.86212a8-snapshot', '1.0.a89d3c5-snapshot'])
('dcsgva-devsecops-prd/ms-cmdb-publisher-server', ['1.0.0259a73-snapshot', '1.0.053df97-snapshot', '1.0.129df9c-snapshot', '1.0.146d013-snapshot', '1.0.1cc8b51-snapshot', '1.0.1e0ae8c-snapshot', '1.0.1ffb04f-snapshot', '1.0.22b42b5-snapshot', '1.0.280f7ab-snapshot', '1.0.2da0c00-snapshot', '1.0.3ac735a-snapshot', '1.0.3e47f42-snapshot', '1.0.3f8cb1f-snapshot', '1.0.42bc05a-snapshot', '1.0.46546d9-snapshot', '1.0.5baee84-snapshot', '1.0.60f0d43-snapshot', '1.0.62dca39-snapshot', '1.0.6f088e5-snapshot', '1.0.7d8f3b6-snapshot', '1.0.7ee51a8-snapshot', '1.0.7fff0f5-snapshot', '1.0.857d0d4-snapshot', '1.0.969b0c5-snapshot', '1.0.aa1efa7-snapshot', '1.0.af84dce-snapshot', '1.0.baebe6e-snapshot', '1.0.c0c14be-snapshot', '1.0.c183cf2-snapshot', '1.0.cae3da9-snapshot', '1.0.ccff42b-snapshot', '1.0.d7a867f-snapshot', '1.0.e7ad790-snapshot', '1.0.e7d1224-snapshot', '1.0.f32f08a-snapshot', '1.0.f598fba-snapshot', '1.0.f618388-snapshot', '1.0.fd322b5-snapshot'])
('dcsgva-devsecops-prd/ms-cmdb-publisher-servercomponent', ['1.0.3c66d6f-snapshot', '1.0.6e3abb5-snapshot', '1.0.82c9df5-snapshot', '1.0.96a14a0-snapshot', '1.0.c16f188-snapshot', '1.0.c8415f2-snapshot'])
('dcsgva-devsecops-prd/ms-cmdb-publisher-storage', ['1.0.40de316-snapshot', '1.0.4578b06-snapshot', '1.0.816891f-snapshot', '1.0.9b99e77-snapshot', '1.0.b6bed72-snapshot', '1.0.ff439f2-snapshot'])
('dcsgva-devsecops-prd/ms-cmdb-publisher-videoconference', ['1.0.1406e58-snapshot', '1.0.206e598-snapshot', '1.0.316fcef-snapshot', '1.0.4225fe1-snapshot', '1.0.473c857-snapshot', '1.0.5c1c1ff-snapshot', '1.0.80f230a-snapshot', '1.0.b0ad5c5-snapshot', '1.0.d2a867c-snapshot', '1.0.db1423f-snapshot', '1.0.f32ac95-snapshot'])
('dcsgva-devsecops-prd/ms-cmdb-publisher-workstation', ['1.0.06aedbb-snapshot', '1.0.1ba5028-snapshot', '1.0.364c743-snapshot', '1.0.bc22f39-snapshot', '1.0.bc323cf-snapshot', '1.0.d71a954-snapshot', '1.0.e37baba-snapshot', '1.0.ec9b60d-snapshot'])
('dcsgva-devsecops-prd/ms-cmdb-subscriber-appservice', ['1.0.0ca9cc7-snapshot', '1.0.45fd863-snapshot', '1.0.62f4163-snapshot', '1.0.7991853-snapshot', '1.0.8483d07-snapshot', '1.0.9af0a30-snapshot', '1.0.b256a50-snapshot', '1.0.b7e7ae5-snapshot', '1.0.d6858c1-snapshot', '1.5762bce-snapshot', '1.ad2fcbd-snapshot'])
('dcsgva-devsecops-prd/ms-cmdb-subscriber-atm', ['1.0.074dd31-snapshot', '1.0.149d137-snapshot', '1.0.3ffdcc3-snapshot', '1.0.48c2f7a-snapshot', '1.0.90cec40-snapshot', '1.0.ade882e-snapshot', '1.0.b797449-snapshot', '1.0.d85ec2a-snapshot', '1.14e4ecd-snapshot', '1.944e5a4-snapshot'])
('dcsgva-devsecops-prd/ms-cmdb-subscriber-businessapp', ['1.0.2955091-snapshot', '1.0.2cd0701-snapshot', '1.0.5af3186-snapshot', '1.0.651a1c3-snapshot', '1.0.c497658-snapshot', '1.0.cbd164d-snapshot', '1.0.cd7d6e1-snapshot', '1.0.dca3006-snapshot', '1.0.dee6685-snapshot', '1.0.df148e8-snapshot', '1.0.ed991f6-snapshot', '1.0.f2759fb-snapshot', '1.854ab15-snapshot', '1.8aa777e-snapshot'])
('dcsgva-devsecops-prd/ms-cmdb-subscriber-cluster', ['1.0.1626e9b-snapshot', '1.0.1a32672-snapshot', '1.0.20b1b99-snapshot', '1.0.2c0520e-snapshot', '1.0.366e7db-snapshot', '1.0.4533529-snapshot', '1.0.5b45409-snapshot', '1.0.5ffbbdc-snapshot', '1.0.6161c94-snapshot', '1.0.8055f0e-snapshot', '1.0.847007b-snapshot', '1.0.94cb215-snapshot', '1.0.b47102a-snapshot', '1.0.c879177-snapshot', '1.0.d4551ab-snapshot', '1.0.e0be105-snapshot', '1.3278414-snapshot', '1.70fd7bb-snapshot'])
('dcsgva-devsecops-prd/ms-cmdb-subscriber-database', ['1.0.03d5b9c-snapshot', '1.0.069b2c0-snapshot', '1.0.1d307bb-snapshot', '1.0.8581c59-snapshot', '1.0.979a1dc-snapshot', '1.0.eb6de72-snapshot', '1.0.f5f950b-snapshot', '1.175ae65-snapshot', '1.c6e0119-snapshot'])
('dcsgva-devsecops-prd/ms-cmdb-subscriber-middleware', ['1.0.0606764-snapshot', '1.0.31c727a-snapshot', '1.0.5cb2646-snapshot', '1.0.6ae3640-snapshot', '1.0.cefadfb-snapshot', '1.0.f081e23-snapshot', '1.3cf72ec-snapshot', '1.6c9d751-snapshot'])
('dcsgva-devsecops-prd/ms-cmdb-subscriber-networkgear', ['1.0.56b6ff7-snapshot', '1.0.58599a2-snapshot', '1.0.790520b-snapshot', '1.0.79ef9a1-snapshot', '1.0.f37d3d5-snapshot', '1.0.f3cd240-snapshot', '1.0.f9ac8f2-snapshot', '1.6dc97ae-snapshot', '1.e1fdc3c-snapshot'])
('dcsgva-devsecops-prd/ms-cmdb-subscriber-printer', ['1.0.0d1dc5c-snapshot', '1.0.0f556d2-snapshot', '1.0.1717ee1-snapshot', '1.0.260c62a-snapshot', '1.0.2cf350b-snapshot', '1.0.35dccd4-snapshot', '1.0.625422a-snapshot', '1.0.6bfb486-snapshot', '1.0.6dbee62-snapshot', '1.0.739bdd7-snapshot', '1.0.78c3ae6-snapshot', '1.0.7c2d953-snapshot', '1.0.864e938-snapshot', '1.0.901d2e9-snapshot', '1.0.ac92e6d-snapshot', '1.0.afa932a-snapshot', '1.0.ba71219-snapshot', '1.0.c7e790f-snapshot', '1.0.e310d3e-snapshot', '1.0.eeee466-snapshot', '1.0.f13b33f-snapshot', '1.0.f5555e4-snapshot', '1.0.fbc2206-snapshot', '1.757a17e-snapshot', '1.c9e0f70-snapshot'])
('dcsgva-devsecops-prd/ms-cmdb-subscriber-relationship', ['1.0.053dc31-snapshot', '1.0.0603450-snapshot', '1.0.1ee0fd0-snapshot', '1.0.34275ff-snapshot', '1.0.34c5feb-snapshot', '1.0.390b1dd-snapshot', '1.0.455d9fc-snapshot', '1.0.48e66e5-snapshot', '1.0.4fd68f6-snapshot', '1.0.59cf790-snapshot', '1.0.5e129ce-snapshot', '1.0.6b494fd-snapshot', '1.0.7dd1c5a-snapshot', '1.0.7e00adf-snapshot', '1.0.83093b4-snapshot', '1.0.8eef4d6-snapshot', '1.0.9317b21-snapshot', '1.0.938bf7a-snapshot', '1.0.a66e4d8-snapshot', '1.0.b4d7345-snapshot', '1.0.ba26960-snapshot', '1.0.c775eea-snapshot', '1.0.de62950-snapshot', '1.0.e00e48b-snapshot', '1.0.e80cdaa-snapshot', '1.0.ff04778-snapshot', '1.23ecf47-snapshot', '1.8f29df5-snapshot'])
('dcsgva-devsecops-prd/ms-cmdb-subscriber-relationshiptype', ['1.0.03e6adc-snapshot', '1.0.07332f7-snapshot', '1.0.0e4ac1f-snapshot', '1.0.10f62de-snapshot', '1.0.11f3f9d-snapshot', '1.0.1bdb3fe-snapshot', '1.0.1d2306e-snapshot', '1.0.4fd96c6-snapshot', '1.0.4fd96c6-snapshot-1-g4e47a6b', '1.0.7e57d53-snapshot', '1.0.9a6f243-snapshot', '1.0.b13c9c3-snapshot', '1.0.c34cc9b-snapshot', '1.0.d4baca4-snapshot', '1.0.d74cd80-snapshot', '1.0.dd31aba-snapshot', '1.0.e67225b-snapshot', '1.0.ea654de-snapshot', '1.0.f4cabce-snapshot', '1.2e6bef4-snapshot', '1.729c2d5-snapshot'])
('dcsgva-devsecops-prd/ms-cmdb-subscriber-server', ['1.0.06d5278-snapshot', '1.0.06e436e-snapshot', '1.0.08c82a9-snapshot', '1.0.09326ad-snapshot', '1.0.0bb7e82-snapshot', '1.0.0e34344-snapshot', '1.0.1f49009-snapshot', '1.0.22da1a6-snapshot', '1.0.293f3dd-snapshot', '1.0.2a9e4e8-snapshot', '1.0.2d2f1fc-snapshot', '1.0.3719351-snapshot', '1.0.3d92442-snapshot', '1.0.4b1aa4f-snapshot', '1.0.540d0b4-snapshot', '1.0.574f6bc-snapshot', '1.0.5d9ffc1-snapshot', '1.0.648d80b-snapshot', '1.0.69d26bd-snapshot', '1.0.6a95b74-snapshot', '1.0.6afe9eb-snapshot', '1.0.6c90310-snapshot', '1.0.72846a3-snapshot', '1.0.75a290d-snapshot', '1.0.76b58ce-snapshot', '1.0.7752fa3-snapshot', '1.0.7cc556d-snapshot', '1.0.7ea036b-snapshot', '1.0.819bbe4-snapshot', '1.0.844c447-snapshot', '1.0.891a0d4-snapshot', '1.0.91418be-snapshot', '1.0.947188d-snapshot', '1.0.96f47bd-snapshot', '1.0.9a67aec-snapshot', '1.0.9c5c7e5-snapshot', '1.0.a58342e-snapshot', '1.0.a6f650a-snapshot', '1.0.a8a5759-snapshot', '1.0.aff9b11-snapshot', '1.0.b7ac5b2-snapshot', '1.0.b90ab29-snapshot', '1.0.b94f76c-snapshot', '1.0.c11bf57-snapshot', '1.0.cd4aa51-snapshot', '1.0.cdfb54b-snapshot', '1.0.d02e4b9-snapshot', '1.0.d3a7836-snapshot', '1.0.d9019de-snapshot', '1.0.dcbc428-snapshot', '1.0.de66979-snapshot', '1.0.e118d92-snapshot', '1.0.e3b4df3-snapshot', '1.0.e42087b-snapshot', '1.0.e5e76e5-snapshot', '1.0.ee3ff96-snapshot', '1.0.f50d842-snapshot', '1.0.fc3e34c-snapshot', '1.773a81e-snapshot', '1.b098cee-snapshot'])
('dcsgva-devsecops-prd/ms-cmdb-subscriber-servercomponent', ['1.0.03caa95-snapshot', '1.0.0819f62-snapshot', '1.0.110cbfd-snapshot', '1.0.1c79651-snapshot', '1.0.21be701-snapshot', '1.0.28e5aea-snapshot', '1.0.2ea5c04-snapshot', '1.0.30d2bb7-snapshot', '1.0.3244a3e-snapshot', '1.0.3bc0544-snapshot', '1.0.3fbfebd-snapshot', '1.0.40f7fd8-snapshot', '1.0.4ce082d-snapshot', '1.0.4f2c0ae-snapshot', '1.0.4f36cfa-snapshot', '1.0.4f5baa1-snapshot', '1.0.573dfbb-snapshot', '1.0.5c0a389-snapshot', '1.0.5daba1c-snapshot', '1.0.5f81656-snapshot', '1.0.5fc86c4-snapshot', '1.0.6448b94-snapshot', '1.0.6448b94-snapshot-2-gc3beaa4', '1.0.6dc6274-snapshot', '1.0.6ed5517-snapshot', '1.0.6fe986f-snapshot', '1.0.794b1c6-snapshot', '1.0.7cfb27c-snapshot', '1.0.7dcf7a9-snapshot', '1.0.865eb03-snapshot', '1.0.8dce4b1-snapshot', '1.0.9281cb4-snapshot', '1.0.94b9561-snapshot', '1.0.9532667-snapshot', '1.0.977fafe-snapshot', '1.0.9c63f9a-snapshot', '1.0.a25e2ea-snapshot', '1.0.a48ea2a-snapshot', '1.0.a655508-snapshot', '1.0.a7b3d47-snapshot', '1.0.a8cf347-snapshot', '1.0.ab7cd88-snapshot', '1.0.aec37f0-snapshot', '1.0.b044dc5-snapshot', '1.0.b2c43fd-snapshot', '1.0.b4e316b-snapshot', '1.0.b87a981-snapshot', '1.0.c12285a-snapshot', '1.0.c2796c3-snapshot', '1.0.cacecec-snapshot', '1.0.cceb643-snapshot', '1.0.d5ddfe1-snapshot', '1.0.d716652-snapshot', '1.0.da1c1d0-snapshot', '1.0.dfdbe86-snapshot', '1.0.e0d3a29-snapshot', '1.0.e1649ea-snapshot', '1.0.e2d90a5-snapshot', '1.0.e310d0c-snapshot', '1.0.e37fede-snapshot', '1.0.e96bd23-snapshot', '1.0.eb77a94-snapshot', '1.0.edbdd9f-snapshot', '1.0.ef6fe1f-snapshot', '1.0.f342c18-snapshot', '1.0.f5b939c-snapshot', '1.0.fbe48f8-snapshot', '1.0.fda11c4-snapshot', '1.2699eac-snapshot', '1.ee99495-snapshot'])
('dcsgva-devsecops-prd/ms-cmdb-subscriber-storage', ['1.0.2758b23-snapshot', '1.0.537026a-snapshot', '1.0.594438c-snapshot', '1.0.85e9aa8-snapshot', '1.0.963c8af-snapshot', '1.0.ac68111-snapshot', '1.0.ea24a95-snapshot', '1.735064a-snapshot', '1.90d8555-snapshot'])
('dcsgva-devsecops-prd/ms-cmdb-subscriber-videoconference', ['1.0.0283159-snapshot', '1.0.1133bc1-snapshot', '1.0.1f35cb9-snapshot', '1.0.26fd3cd-snapshot', '1.0.4b146a6-snapshot', '1.0.94c2560-snapshot', '1.0.9ecdfc2-snapshot', '1.0.bc6d873-snapshot', '1.0.bd1ebda-snapshot', '1.0.bf71523-snapshot', '1.2ec0187-snapshot', '1.61155cc-snapshot'])
('dcsgva-devsecops-prd/ms-cmdb-subscriber-workstation', ['1.0.0675348-snapshot', '1.0.1503850-snapshot', '1.0.2f83727-snapshot', '1.0.33a6e13-snapshot', '1.0.5753138-snapshot', '1.0.5919318-snapshot', '1.0.5bba711-snapshot', '1.0.72ee15f-snapshot', '1.0.7c02197-snapshot', '1.0.822ac95-snapshot', '1.0.900024c-snapshot', '1.0.9b7789f-snapshot', '1.0.a2a6487-snapshot', '1.0.c9b42a9-snapshot', '1.0.ca7b70f-snapshot', '1.0.ce0a20a-snapshot', '1.0.df7426f-snapshot', '1.0.e20f165-snapshot', '1.0.f331058-snapshot', '1.0.fed7663-snapshot', '1.0851b16-snapshot', '1.ef38b91-snapshot'])
('dcsgva-devsecops-prd/ms-exploit-db-cs-subscriber', ['1.0.0031291-snapshot', '1.0.01227a2-snapshot', '1.0.05b7704-snapshot', '1.0.063480f-snapshot', '1.0.0914aa9-snapshot', '1.0.0d6013a-snapshot', '1.0.0e10c87-snapshot', '1.0.0f47aff-snapshot', '1.0.1da12e2-snapshot', '1.0.2197411-snapshot', '1.0.21d8c6e-snapshot', '1.0.234bbe2-snapshot', '1.0.2a84473-snapshot', '1.0.2d1b7f2-snapshot', '1.0.2d7cc43-snapshot', '1.0.36733bd-snapshot', '1.0.40a59e3-snapshot', '1.0.5326059-snapshot', '1.0.69772f5-snapshot', '1.0.8a23dd9-snapshot', '1.0.a00cf71-snapshot', '1.0.a28d97f-snapshot', '1.0.b2ee01e-snapshot', '1.0.d399323-snapshot', '1.0.eec8648-snapshot', '1.0.f2825d7-snapshot', '1.0.f93a0a0-snapshot', '1.0.fcd18d5-snapshot'])
('dcsgva-devsecops-prd/ms-exploit-db-publisher', ['1.0.0db70b0-snapshot', '1.0.0dc3b5b-snapshot', '1.0.100aec7-snapshot', '1.0.161b51b-snapshot', '1.0.1955e22-snapshot', '1.0.1afb246-snapshot', '1.0.2013bf1-snapshot', '1.0.266d385-snapshot', '1.0.2783196-snapshot', '1.0.28873e2-snapshot', '1.0.2a39ae9-snapshot', '1.0.2f7e1cd-snapshot', '1.0.36e3278-snapshot', '1.0.3d9623b-snapshot', '1.0.3edd7f7-snapshot', '1.0.458226a-snapshot', '1.0.46b477f-snapshot', '1.0.49fe61d-snapshot', '1.0.4e202c6-snapshot', '1.0.57d8cc5-snapshot', '1.0.60373ac-snapshot', '1.0.61afb80-snapshot', '1.0.6f1a637-snapshot', '1.0.768f03f-snapshot', '1.0.774b7ed-snapshot', '1.0.7abf593-snapshot', '1.0.7bfc36e-snapshot', '1.0.83b7412-snapshot', '1.0.8cbc9d5-snapshot', '1.0.8d52699-snapshot', '1.0.8ff6e3f-snapshot', '1.0.93b0f21-snapshot', '1.0.95b5b3e-snapshot', '1.0.9b96ce0-snapshot', '1.0.a0a084b-snapshot', '1.0.a142921-snapshot', '1.0.a303da6-snapshot', '1.0.a6b82db-snapshot', '1.0.ab39a9f-snapshot', '1.0.b8fd04a-snapshot', '1.0.bb4a4f5-snapshot', '1.0.bbcb3ed-snapshot', '1.0.c13fce1-snapshot', '1.0.c25fdee-snapshot', '1.0.c3be6fc-snapshot', '1.0.c6af8fb-snapshot', '1.0.cd8b17f-snapshot', '1.0.e203071-snapshot', '1.0.e895ad2-snapshot', '1.0.ed87eb1-snapshot', '1.0.ef6ec35-snapshot', '1.0.fb418ed-snapshot', '1.0.ffcffc6-snapshot', '1.4bfadb2-snapshot', '1.7030d8d-snapshot', '1.753fc14-snapshot', '1.7ebfde3-snapshot', '1.96a026d-snapshot'])
('dcsgva-devsecops-prd/ms-exploit-db-subscriber', ['1.0.061d3b9-snapshot', '1.0.1c2569e-snapshot', '1.0.1cccfa9-snapshot', '1.0.2e6c64d-snapshot', '1.0.2f276ab-snapshot', '1.0.4d4e545-snapshot', '1.0.4e4df45-snapshot', '1.0.54e2553-snapshot', '1.0.58b7ca4-snapshot', '1.0.6af5352-snapshot', '1.0.70cb04b-snapshot', '1.0.7270943-snapshot', '1.0.745a620-snapshot', '1.0.8ad0807-snapshot', '1.0.9205dc7-snapshot', '1.0.9b179fa-snapshot', '1.0.a3f1d41-snapshot', '1.0.b1a758f-snapshot', '1.0.b83fbf3-snapshot', '1.0.b9bd9a0-snapshot', '1.0.c3ec36c-snapshot', '1.0.c712efc-snapshot', '1.0.ce75eda-snapshot', '1.0.d8b8804-snapshot', '1.0.debd36b-snapshot', '1.0.df7b2c3-snapshot', '1.0.e0939b3-snapshot', '1.0.e1dd5a9-snapshot', '1.0.e78112e-snapshot', '1.0.f0cd3d6-snapshot', '1.0.f18f078-snapshot'])
('dcsgva-devsecops-prd/ms-gcp-cscc-publisher', ['1.0.0844d09-snapshot', '1.0.1b09f87-snapshot', '1.0.1d9292f-snapshot', '1.0.266ee5b-snapshot', '1.0.2f50fe8-snapshot', '1.0.31cd44f-snapshot', '1.0.3372939-snapshot', '1.0.3796e09-snapshot', '1.0.3a04d7c-snapshot', '1.0.3a10453-snapshot', '1.0.3e63560-snapshot', '1.0.4149e36-snapshot', '1.0.45b3306-snapshot', '1.0.4a50983-snapshot', '1.0.4d85fec-snapshot', '1.0.4e6c563-snapshot', '1.0.637f7a2-snapshot', '1.0.6b2d961-snapshot', '1.0.6e58864-snapshot', '1.0.7323568-snapshot', '1.0.77d7abc-snapshot', '1.0.7940442-snapshot', '1.0.940fa83-snapshot', '1.0.b782c0c-snapshot', '1.0.beb8ce2-snapshot', '1.0.c3f84f8-snapshot', '1.0.c5fb316-snapshot', '1.0.c87a28d-snapshot', '1.0.d00555c-snapshot', '1.0.d8d5b58-snapshot', '1.0.dfd41d3-snapshot', '1.0.ed5ab9b-snapshot', '1.0.f2faf35-snapshot', '1.0.f49d58a-snapshot', '1.0.f63bd39-snapshot', '1.0.f715b64-snapshot', 'null.154e6b4-snapshot', 'null.1d018c4-snapshot', 'null.3014b2a-snapshot', 'null.35ede2b-snapshot', 'null.3c5da5d-snapshot', 'null.3de8484-snapshot', 'null.4038a7b-snapshot', 'null.6195b3d-snapshot', 'null.645c046-snapshot', 'null.64adf1d-snapshot', 'null.67deb48-snapshot', 'null.7e0932a-snapshot', 'null.81dd245-snapshot', 'null.85ffced-snapshot', 'null.88c6c59-snapshot', 'null.9336af5-snapshot', 'null.a3e81f0-snapshot', 'null.a40c4e6-snapshot', 'null.c261f2d-snapshot', 'null.c4db74a-snapshot', 'null.ca21542-snapshot', 'null.cbf744b-snapshot', 'null.ce648cf-snapshot', 'null.d1534d4-snapshot', 'null.de63b92-snapshot', 'null.ea4cbc5-snapshot', 'null.ec30a7d-snapshot', 'null.f342a0a-snapshot', 'null.fc9b557-snapshot', 'null.ff6f915-snapshot'])
('dcsgva-devsecops-prd/ms-gcp-cscc-subscriber', ['1.0.06e4c46-snapshot', '1.0.0daf7fc-snapshot', '1.0.15ac1c9-snapshot', '1.0.1b218d3-snapshot', '1.0.232879d-snapshot', '1.0.23d6138-snapshot', '1.0.25b27a0-snapshot', '1.0.2c3aae2-snapshot', '1.0.307e33c-snapshot', '1.0.31bc7a0-snapshot', '1.0.34e1a30-snapshot', '1.0.3e3fe12-snapshot', '1.0.4b49378-snapshot', '1.0.5ca16c6-snapshot', '1.0.65df60e-snapshot', '1.0.6b2ad35-snapshot', '1.0.6b70eba-snapshot', '1.0.7976a51-snapshot', '1.0.91e5e15-snapshot', '1.0.a1f5840-snapshot', '1.0.a66830e-snapshot', '1.0.b1a7419-snapshot', '1.0.b529098-snapshot', '1.0.c33b86a-snapshot', '1.0.cb819e5-snapshot', '1.0.ce42001-snapshot', '1.0.d5178e9-snapshot', '1.0.d5bcd28-snapshot', '1.0.dad358f-snapshot', '1.0.dbadbca-snapshot', '1.0.e5cd52c-snapshot', '1.0.e7a3001-snapshot', '1.0.e942489-snapshot', '1.0.ee9c1ec-snapshot', '1.0.f4f981d-snapshot', '1.0.f53c987-snapshot', '1.0.ff8484f-snapshot', '1.0.ffea37b-snapshot'])
('dcsgva-devsecops-prd/ms-mitre-capec-publisher', ['1.0.03e9b11-snapshot', '1.0.09f4fb2-snapshot', '1.0.18a90cd-snapshot', '1.0.1aa3bf5-snapshot', '1.0.2dd9357-snapshot', '1.0.3752054-snapshot', '1.0.3cf84c2-snapshot', '1.0.4164d5d-snapshot', '1.0.42221d2-snapshot', '1.0.4b163cc-snapshot', '1.0.4bfa083-snapshot', '1.0.6239694-snapshot', '1.0.66d7efe-snapshot', '1.0.6daa7ff-snapshot', '1.0.77fdd20-snapshot', '1.0.7d440fa-snapshot', '1.0.8364f56-snapshot', '1.0.8b3befb-snapshot', '1.0.8b938ce-snapshot', '1.0.94af990-snapshot', '1.0.96b2e12-snapshot', '1.0.a78d48b-snapshot', '1.0.b14142b-snapshot', '1.0.b68478b-snapshot', '1.0.c5a2247-snapshot', '1.0.cfc85ee-snapshot', '1.0.d0328b9-snapshot', '1.0.d92d1e4-snapshot', '1.0.dbb6a4b-snapshot', '1.0.e3a98a6-snapshot', '1.0.eb27aa0-snapshot', '1.0.fc90d59-snapshot'])
('dcsgva-devsecops-prd/ms-mitre-capec-subscriber', ['1.0.110d598-snapshot', '1.0.1bc06fd-snapshot', '1.0.1de7cf9-snapshot', '1.0.1ea2bdf-snapshot', '1.0.216c374-snapshot', '1.0.2f3c8a8-snapshot', '1.0.399f6e1-snapshot', '1.0.4209ea1-snapshot', '1.0.497edf2-snapshot', '1.0.54c90e3-snapshot', '1.0.679163e-snapshot', '1.0.6ce6635-snapshot', '1.0.77e6e19-snapshot', '1.0.85b96a9-snapshot', '1.0.8784ea6-snapshot', '1.0.a105592-snapshot', '1.0.a2a8d8e-snapshot', '1.0.a2f6046-snapshot', '1.0.a54011c-snapshot', '1.0.a8a5325-snapshot', '1.0.bd3d377-snapshot', '1.0.ca8d0d0-snapshot', '1.0.cb181b3-snapshot', '1.0.d2de6c9-snapshot', '1.0.e9c0518-snapshot', '1.0.f3b327f-snapshot'])
('dcsgva-devsecops-prd/ms-mitre-cwe-publisher', ['1.0.0091ac5-snapshot', '1.0.07908e4-snapshot', '1.0.1eade74-snapshot', '1.0.233c3c5-snapshot', '1.0.2a1ebca-snapshot', '1.0.2b53b3e-snapshot', '1.0.37d5944-snapshot', '1.0.381bd6c-snapshot', '1.0.39858ac-snapshot', '1.0.434d489-snapshot', '1.0.4576653-snapshot', '1.0.4a79361-snapshot', '1.0.51d6d70-snapshot', '1.0.524de36-snapshot', '1.0.567681d-snapshot', '1.0.61c5a0e-snapshot', '1.0.700da30-snapshot', '1.0.82f3dd1-snapshot', '1.0.8a6e85b-snapshot', '1.0.940ffbe-snapshot', '1.0.9f29bc1-snapshot', '1.0.a04bec7-snapshot', '1.0.c1c4612-snapshot', '1.0.c2ba880-snapshot', '1.0.d9c6486-snapshot', '1.0.db706b7-snapshot', '1.0.dd1a84f-snapshot', '1.0.efe0586-snapshot', '1.0.ff25175-snapshot'])
('dcsgva-devsecops-prd/ms-mitre-cwe-subscriber', ['1.0.09946fc-snapshot', '1.0.1608bcc-snapshot', '1.0.160a11a-snapshot', '1.0.18b0d31-snapshot', '1.0.1c7364f-snapshot', '1.0.23e4205-snapshot', '1.0.26f015a-snapshot', '1.0.27cb4ad-snapshot', '1.0.2907aea-snapshot', '1.0.2aec406-snapshot', '1.0.38726e6-snapshot', '1.0.5f8eb74-snapshot', '1.0.67bb4e2-snapshot', '1.0.757fdc3-snapshot', '1.0.7dc081c-snapshot', '1.0.857a8a0-snapshot', '1.0.8c1b308-snapshot', '1.0.9276d92-snapshot', '1.0.b24af5b-snapshot', '1.0.b56b8e0-snapshot', '1.0.c2fe0f2-snapshot', '1.0.c4dc837-snapshot', '1.0.c548fd6-snapshot', '1.0.c72df89-snapshot', '1.0.c7f2734-snapshot', '1.0.d6e9400-snapshot', '1.0.ec7cebc-snapshot', '1.0.f2f7609-snapshot', '1.0.f4083ef-snapshot', '1.0.f42f899-snapshot', '1.0.f7a823b-snapshot', '1.0.fc38d35-snapshot', '1.0.fe11077-snapshot'])
('dcsgva-devsecops-prd/ms-nvd-cve-cs-subscriber', ['1.0.05b1bca-snapshot', '1.0.0bea6cb-snapshot', '1.0.12e8f2f-snapshot', '1.0.16dab5e-snapshot', '1.0.1d69c45-snapshot', '1.0.48bb40a-snapshot', '1.0.491cd97-snapshot', '1.0.4da99df-snapshot', '1.0.6298ba1-snapshot', '1.0.7a49e9f-snapshot', '1.0.7c022b8-snapshot', '1.0.8b9b583-snapshot', '1.0.d3c4a89-snapshot', '1.0.f1da286-snapshot', '1.0.faaf935-snapshot'])
('dcsgva-devsecops-prd/ms-nvd-cve-publisher', ['1.0.02178a3-snapshot', '1.0.038c7d6-snapshot', '1.0.0458255-snapshot', '1.0.0531478-snapshot', '1.0.07ab3be-snapshot', '1.0.0c394bb-snapshot', '1.0.0db2054-snapshot', '1.0.16db138-snapshot', '1.0.18bc015-snapshot', '1.0.1e468d7-snapshot', '1.0.2c808f0-snapshot', '1.0.2dc5651-snapshot', '1.0.2e7af01-snapshot', '1.0.496247e-snapshot', '1.0.6196f36-snapshot', '1.0.767bbcd-snapshot', '1.0.7c49513-snapshot', '1.0.7e019d8-snapshot', '1.0.82c387e-snapshot', '1.0.85cc2e6-snapshot', '1.0.88f0602-snapshot', '1.0.8caf42c-snapshot', '1.0.94a2fc0-snapshot', '1.0.9a9e223-snapshot', '1.0.a1969a8-snapshot', '1.0.a68bbe0-snapshot', '1.0.aa3eed3-snapshot', '1.0.aacf17e-snapshot', '1.0.abe2063-snapshot', '1.0.ad5054b-snapshot', '1.0.adbf58a-snapshot', '1.0.b389167-snapshot', '1.0.b65fdd7-snapshot', '1.0.b9d7709-snapshot', '1.0.bc2ca46-snapshot', '1.0.d883f9b-snapshot', '1.0.e6df2eb-snapshot', '1.0.eb66deb-snapshot', '1.0.f3842bf-snapshot', '1.0.f5027ca-snapshot', '1.0.f7386f8-snapshot'])
('dcsgva-devsecops-prd/ms-nvd-cve-subscriber', ['1.0.02091ee-snapshot', '1.0.119ff51-snapshot', '1.0.166f752-snapshot', '1.0.1ba795f-snapshot', '1.0.2341287-snapshot', '1.0.2c6c042-snapshot', '1.0.31514d8-snapshot', '1.0.32401d5-snapshot', '1.0.3457634-snapshot', '1.0.3e04bee-snapshot', '1.0.457148d-snapshot', '1.0.4ad1602-snapshot', '1.0.4c64c92-snapshot', '1.0.6e70a8d-snapshot', '1.0.77b02c9-snapshot', '1.0.79754f5-snapshot', '1.0.96351d7-snapshot', '1.0.9f70297-snapshot', '1.0.a232fed-snapshot', '1.0.b1740c1-snapshot', '1.0.bb67a8b-snapshot', '1.0.bc59c11-snapshot', '1.0.bdf1631-snapshot', '1.0.f5b528c-snapshot', '1.0.f7b6da6-snapshot'])
('dcsgva-devsecops-prd/ms-qualys-knowledge-base-cs-publisher', ['1.0.61415a0-snapshot', '1.0.62a83bb-snapshot', '1.0.63b4cf0-snapshot', '1.0.8b7c31c-snapshot', '1.0.9718a7c-snapshot', '1.0.ab6cd90-snapshot', '1.0.c67391a-snapshot', '1.0.d326cd6-snapshot'])
('dcsgva-devsecops-prd/ms-qualys-knowledge-base-cs-subscriber', ['1.0.0f0464f-snapshot', '1.0.1debc39-snapshot', '1.0.268239a-snapshot', '1.0.33d6366-snapshot', '1.0.37b479f-snapshot', '1.0.440eaec-snapshot', '1.0.5adeb76-snapshot', '1.0.62e25fd-snapshot', '1.0.63721be-snapshot', '1.0.645e2c4-snapshot', '1.0.6e594bb-snapshot', '1.0.7471b95-snapshot', '1.0.75515c4-snapshot', '1.0.781af52-snapshot', '1.0.7a4dc3b-snapshot', '1.0.7a7f9d2-snapshot', '1.0.7ea2b2f-snapshot', '1.0.84f003f-snapshot', '1.0.90fcaa4-snapshot', '1.0.a3d97b0-snapshot', '1.0.a4943d9-snapshot', '1.0.b4e7f98-snapshot', '1.0.b99c077-snapshot', '1.0.cf0b661-snapshot', '1.0.d01c757-snapshot', '1.0.d159f2d-snapshot', '1.0.f93a2c3-snapshot', '1.0.fb7d3a6-snapshot', '1.07a66a5-snapshot', '1.0a8891b-snapshot', '1.5331c9c-snapshot', '1.90741fc-snapshot', '1.b63a0ab-snapshot', '1.e2320f0-snapshot', '1.e926355-snapshot', '1.fbd78af-snapshot'])
('dcsgva-devsecops-prd/ms-qualys-knowledge-base-publisher', ['1.0.0e930a8-snapshot', '1.0.203ddb9-snapshot', '1.0.2e40b31-snapshot', '1.0.3360f28-snapshot', '1.0.369f047-snapshot', '1.0.408211d-snapshot', '1.0.494808e-snapshot', '1.0.6172926-snapshot', '1.0.6728f4c-snapshot', '1.0.6943762-snapshot', '1.0.6d61e9b-snapshot', '1.0.741d1a1-snapshot', '1.0.7487835-snapshot', '1.0.7583062-snapshot', '1.0.7a60bd6-snapshot', '1.0.7b6bc42-snapshot', '1.0.86ed397-snapshot', '1.0.a759d4d-snapshot', '1.0.aa3fddf-snapshot', '1.0.af32021-snapshot', '1.0.b0a38dc-snapshot', '1.0.b40a897-snapshot', '1.0.d49f869-snapshot', '1.0.d6aea5f-snapshot', '1.0.dcc2a3f-snapshot', '1.0.ebdf11c-snapshot', '1.0.ec6c490-snapshot', '1.0.ef05081-snapshot', '1.0.f056f0a-snapshot', '1.0.f2efae7-snapshot', '1.0.f561ee5-snapshot', '1.0.ff5a633-snapshot', '1.2e76266-snapshot', '1.34ef84c-snapshot', '1.36b6893-snapshot', '1.3a57eaf-snapshot', '1.4ac1b45-snapshot', '1.5f4a1cc-snapshot', '1.862c059-snapshot', '1.88cc743-snapshot', '1.8d99382-snapshot', '1.e1b2a4f-snapshot', '1.ea7bf89-snapshot', '1.ef0840a-snapshot'])
('dcsgva-devsecops-prd/ms-qualys-knowledge-base-subscriber', ['1.0.02f3618-snapshot', '1.0.0ac7a48-snapshot', '1.0.10438b1-snapshot', '1.0.15ac17c-snapshot', '1.0.1fa530b-snapshot', '1.0.2f4a677-snapshot', '1.0.41f34c3-snapshot', '1.0.48d8249-snapshot', '1.0.4d3caff-snapshot', '1.0.4e9dfa2-snapshot', '1.0.5cb9e56-snapshot', '1.0.5d0dd55-snapshot', '1.0.5d2fb1b-snapshot', '1.0.5f41e08-snapshot', '1.0.6b572d0-snapshot', '1.0.6ddeed8-snapshot', '1.0.7a3d0ff-snapshot', '1.0.8e454eb-snapshot', '1.0.a0da4d6-snapshot', '1.0.ac7b770-snapshot', '1.0.b121e2f-snapshot', '1.0.bcdec3e-snapshot', '1.0.bd55308-snapshot', '1.0.ca91ffc-snapshot', '1.0.d2dde40-snapshot', '1.0.deb00dd-snapshot', '1.0.edf5320-snapshot', '1.0.f1e56f7-snapshot', '1.0.f602fc8-snapshot'])
('dcsgva-devsecops-prd/ms-qualys-vm-scan-cs-subscriber', ['1.0.0565824-snapshot', '1.0.072469f-snapshot', '1.0.11d0cb3-snapshot', '1.0.182287d-snapshot', '1.0.1b051dd-snapshot', '1.0.1faf787-snapshot', '1.0.3923c29-snapshot', '1.0.3dcb6b3-snapshot', '1.0.44c28cd-snapshot', '1.0.4b7f308-snapshot', '1.0.545a9d0-snapshot', '1.0.8030558-snapshot', '1.0.933eccf-snapshot', '1.0.93e1db2-snapshot', '1.0.a89e0a3-snapshot', '1.0.b599936-snapshot', '1.0.bb4862c-snapshot', '1.0.c0e76b0-snapshot', '1.0.cc3dc69-snapshot', '1.0.cc3dc69-snapshot-1-g0565824', '1.0.d03d1ef-snapshot', '1.0.d2c6441-snapshot', '1.0.d97c90e-snapshot', '1.0.e936327-snapshot', '1.0.ede4d89-snapshot', '1.15c21b2-snapshot', '1.d9c60f7-snapshot'])
('dcsgva-devsecops-prd/ms-qualys-vm-scan-publisher', ['1.0.020a503-snapshot', '1.0.029afe3-snapshot', '1.0.04bdf94-snapshot', '1.0.0efe40f-snapshot', '1.0.1adf949-snapshot', '1.0.21e3502-snapshot', '1.0.2a7ce0d-snapshot', '1.0.2c67e37-snapshot', '1.0.305d864-snapshot', '1.0.3424067-snapshot', '1.0.34dee79-snapshot', '1.0.3a07319-snapshot', '1.0.3a5984d-snapshot', '1.0.3bea579-snapshot', '1.0.3c6a492-snapshot', '1.0.40a49f5-snapshot', '1.0.42e6c81-snapshot', '1.0.448fe32-snapshot', '1.0.468dd5a-snapshot', '1.0.47cb735-snapshot', '1.0.4991f04-snapshot', '1.0.4afd259-snapshot', '1.0.4c2d630-snapshot', '1.0.4c6887d-snapshot', '1.0.4f0122a-snapshot', '1.0.52be627-snapshot', '1.0.569e5c1-snapshot', '1.0.57ab0e6-snapshot', '1.0.5b7c381-snapshot', '1.0.5d812df-snapshot', '1.0.5f9578f-snapshot', '1.0.624855e-snapshot', '1.0.62d367f-snapshot', '1.0.6322764-snapshot', '1.0.647706d-snapshot', '1.0.65281f1-snapshot', '1.0.654e855-snapshot', '1.0.70c76d6-snapshot', '1.0.777b597-snapshot', '1.0.79a2be4-snapshot', '1.0.7bba7f3-snapshot', '1.0.81a7fa4-snapshot', '1.0.8388661-snapshot', '1.0.8434791-snapshot', '1.0.84b3d52-snapshot', '1.0.8762be0-snapshot', '1.0.8bb54f4-snapshot', '1.0.8c1dd16-snapshot', '1.0.902ef21-snapshot', '1.0.92827f2-snapshot', '1.0.9a0e0db-snapshot', '1.0.a0372fa-snapshot', '1.0.a08d090-snapshot', '1.0.a8444ff-snapshot', '1.0.a966c69-snapshot', '1.0.b006354-snapshot', '1.0.b0713e5-snapshot', '1.0.bd0b2ad-snapshot', '1.0.c05695b-snapshot', '1.0.c1c32c6-snapshot', '1.0.c2e596a-snapshot', '1.0.c7e0beb-snapshot', '1.0.cc85f92-snapshot', '1.0.ce1cd33-snapshot', '1.0.ce4b597-snapshot', '1.0.d1647a6-snapshot', '1.0.d32941e-snapshot', '1.0.d6c12ff-snapshot', '1.0.d7a10e1-snapshot', '1.0.d83addd-snapshot', '1.0.d922b07-snapshot', '1.0.d9c5886-snapshot', '1.0.dc37285-snapshot', '1.0.de11b4a-snapshot', '1.0.de8c49b-snapshot', '1.0.e37cbdd-snapshot', '1.0.e4848db-snapshot', '1.0.e6898d0-snapshot', '1.0.f41452d-snapshot', '1.0.f4ee903-snapshot', '1.0.f61181f-snapshot', '1.0.f694311-snapshot', '1.0.f9929ea-snapshot', '1.0.fba1201-snapshot', '1.0.ffa66e5-snapshot', '1.0e3e0ae-snapshot', '1.15908d1-snapshot', '1.3b044ab-snapshot', '1.45e4c2c-snapshot', '1.4a6e571-snapshot', '1.54449cf-snapshot', '1.5493540-snapshot', '1.7abdfb5-snapshot', '1.8615b33-snapshot', '1.8c59fac-snapshot', '1.924d61c-snapshot', '1.9b2c7f4-snapshot', '1.a3c163c-snapshot', '1.a681d0d-snapshot', '1.a7740fd-snapshot', '1.a87e30a-snapshot', '1.c62f5ee-snapshot', '1.c90ac6c-snapshot', '1.cd555cb-snapshot', '1.ea6740d-snapshot', '1.f6478c7-snapshot', '1.f93cae3-snapshot'])
('dcsgva-devsecops-prd/ms-qualys-vm-scan-subscriber', ['1.0.003e889-snapshot', '1.0.035de58-snapshot', '1.0.062ec78-snapshot', '1.0.0dc86f3-snapshot', '1.0.1010be9-snapshot', '1.0.10c0989-snapshot', '1.0.11e34c4-snapshot', '1.0.1424582-snapshot', '1.0.1a3f81f-snapshot', '1.0.22833d0-snapshot', '1.0.276172a-snapshot', '1.0.35d8aa5-snapshot', '1.0.360f230-snapshot', '1.0.4272b09-snapshot', '1.0.48d44b8-snapshot', '1.0.4a31fc7-snapshot', '1.0.4ff17c5-snapshot', '1.0.50482ad-snapshot', '1.0.5205bb8-snapshot', '1.0.5c73e0a-snapshot', '1.0.61cf107-snapshot', '1.0.667aee3-snapshot', '1.0.6b95fe5-snapshot', '1.0.6fdd1bd-snapshot', '1.0.7051010-snapshot', '1.0.76969f5-snapshot', '1.0.81928b8-snapshot', '1.0.8283405-snapshot', '1.0.841a20c-snapshot', '1.0.88ae269-snapshot', '1.0.8b24a81-snapshot', '1.0.8bd74d3-snapshot', '1.0.8f69fce-snapshot', '1.0.9001d2c-snapshot', '1.0.92b7ba6-snapshot', '1.0.937a336-snapshot', '1.0.9d61f42-snapshot', '1.0.a011bb3-snapshot', '1.0.a184235-snapshot', '1.0.a6a360f-snapshot', '1.0.ab7753d-snapshot', '1.0.b974b08-snapshot', '1.0.beb9f7f-snapshot', '1.0.bf7fa42-snapshot', '1.0.c26f1cd-snapshot', '1.0.c592707-snapshot', '1.0.c5d3324-snapshot', '1.0.c893531-snapshot', '1.0.c9b816b-snapshot', '1.0.cb5c201-snapshot', '1.0.cb8245e-snapshot', '1.0.d3dc634-snapshot', '1.0.dd120e1-snapshot', '1.0.e0872b0-snapshot', '1.0.e36300e-snapshot', '1.0.ec8db11-snapshot', '1.0.fb2d843-snapshot', '1.1', '1.4468007-snapshot', '1.8e92491-snapshot', '1.9aae0f9-snapshot'])
('dcsgva-devsecops-prd/ms-reddit-publisher', ['1.0.1842e6a-snapshot', '1.0.2b95a4f-snapshot', '1.0.2c086e1-snapshot', '1.0.390c3c3-snapshot', '1.0.39dafaf-snapshot', '1.0.487127d-snapshot', '1.0.4ba4dc8-snapshot', '1.0.4bbac43-snapshot', '1.0.5205963-snapshot', '1.0.60f275a-snapshot', '1.0.6316233-snapshot', '1.0.6cbbeeb-snapshot', '1.0.6d4732c-snapshot', '1.0.77906e4-snapshot', '1.0.80d44d1-snapshot', '1.0.a248764-snapshot', '1.0.aff3bc9-snapshot', '1.0.b69945c-snapshot', '1.0.cbb3026-snapshot', '1.0.d190a29-snapshot', '1.0.d721995-snapshot', '1.0.d8365f2-snapshot', '1.0.dcf8fbd-snapshot', '1.0.e05d3f0-snapshot', '1.0.e7b65d4-snapshot', '1.0.eeccd28-snapshot', '1.0.f9ba70e-snapshot'])
('dcsgva-devsecops-prd/ms-reddit-subscriber', ['1.0.0495fe6-snapshot', '1.0.055ca96-snapshot', '1.0.115f950-snapshot', '1.0.133a1fb-snapshot', '1.0.1df5a32-snapshot', '1.0.1f7bef7-snapshot', '1.0.218080d-snapshot', '1.0.273ec5e-snapshot', '1.0.2b894ed-snapshot', '1.0.30a3215-snapshot', '1.0.333f5f6-snapshot', '1.0.3508aca-snapshot', '1.0.4160c45-snapshot', '1.0.4296f47-snapshot', '1.0.4be85e5-snapshot', '1.0.5848277-snapshot', '1.0.64533cc-snapshot', '1.0.6be2a58-snapshot', '1.0.86547a8-snapshot', '1.0.97078e6-snapshot', '1.0.aaafd7c-snapshot', '1.0.b7684f0-snapshot', '1.0.b9e0252-snapshot', '1.0.cb2cb64-snapshot', '1.0.cfd36a0-snapshot', '1.0.f7129c7-snapshot', '1.0.f7f881e-snapshot', '1.0.fdd2152-snapshot'])
('dcsgva-devsecops-prd/ms-snort-publisher', ['1.0.015e5b0-snapshot', '1.0.019611b-snapshot', '1.0.04b5ab3-snapshot', '1.0.0655554-snapshot', '1.0.08c1a04-snapshot', '1.0.0921a46-snapshot', '1.0.121c00b-snapshot', '1.0.14bfafe-snapshot', '1.0.14daf1b-snapshot', '1.0.1e8ded2-snapshot', '1.0.1fd794a-snapshot', '1.0.20136be-snapshot', '1.0.2c11a66-snapshot', '1.0.3417a66-snapshot', '1.0.3555905-snapshot', '1.0.542820e-snapshot', '1.0.5567289-snapshot', '1.0.5aedff3-snapshot', '1.0.5f2265f-snapshot', '1.0.66f8b26-snapshot', '1.0.67af0a3-snapshot', '1.0.685a1a5-snapshot', '1.0.726434a-snapshot', '1.0.73b79a2-snapshot', '1.0.876ae48-snapshot', '1.0.8877744-snapshot', '1.0.8c936bd-snapshot', '1.0.8cc9035-snapshot', '1.0.9448557-snapshot', '1.0.9450d10-snapshot', '1.0.96c80a8-snapshot', '1.0.9b4de44-snapshot', '1.0.9d3dd31-snapshot', '1.0.a76b6bf-snapshot', '1.0.a8b2649-snapshot', '1.0.a8eb70a-snapshot', '1.0.af47a67-snapshot', '1.0.af8446a-snapshot', '1.0.b3a994b-snapshot', '1.0.b57ed41-snapshot', '1.0.bd01581-snapshot', '1.0.c775c70-snapshot', '1.0.ca9df64-snapshot', '1.0.d1ac1fb-snapshot', '1.0.ef78df7-snapshot', '1.0.f39f0d2-snapshot', '1.0.f5567ed-snapshot', '1.0.f75b8ca-snapshot', '1.0.fae28f8-snapshot', '1.0.fbcf643-snapshot', '1.0.fc9d642-snapshot'])
('dcsgva-devsecops-prd/ms-snort-subscriber', ['1.0.0839921-snapshot', '1.0.08409e2-snapshot', '1.0.1a0b654-snapshot', '1.0.1e13960-snapshot', '1.0.1e90723-snapshot', '1.0.2f87833-snapshot', '1.0.35f2f39-snapshot', '1.0.3b8a3f3-snapshot', '1.0.50faf67-snapshot', '1.0.66f6354-snapshot', '1.0.68cfc6f-snapshot', '1.0.6b5d095-snapshot', '1.0.6c6ef3e-snapshot', '1.0.7d5f913-snapshot', '1.0.8466403-snapshot', '1.0.872e3a6-snapshot', '1.0.8cb253e-snapshot', '1.0.9d0ad50-snapshot', '1.0.9fa87d7-snapshot', '1.0.a6c9dd3-snapshot', '1.0.b1d00c3-snapshot', '1.0.b50debf-snapshot', '1.0.bcbaa34-snapshot', '1.0.bd1db42-snapshot', '1.0.c0afa46-snapshot', '1.0.d50328a-snapshot', '1.0.dbeb4ab-snapshot', '1.0.dc34943-snapshot', '1.0.ddd34d4-snapshot', '1.0.f3c70e5-snapshot', '1.0.f9fa49c-snapshot', '1.0.fde9fdf-snapshot'])
('dcsgva-devsecops-prd/ms-twitter-publisher', ['1.0.28435fe-snapshot', '1.0.3b842cd-snapshot', '1.0.3bd663a-snapshot', '1.0.46932dd-snapshot', '1.0.50f52e9-snapshot', '1.0.5171887-snapshot', '1.0.5ea81de-snapshot', '1.0.63925b6-snapshot', '1.0.6493173-snapshot', '1.0.6fa2d97-snapshot', '1.0.765e5b0-snapshot', '1.0.7837e90-snapshot', '1.0.91ef361-snapshot', '1.0.939eed8-snapshot', '1.0.984cf7d-snapshot', '1.0.9b1f346-snapshot', '1.0.a1b1873-snapshot', '1.0.a249b3c-snapshot', '1.0.b07c3c6-snapshot', '1.0.b1d61b9-snapshot', '1.0.b9a1a34-snapshot', '1.0.c457757-snapshot', '1.0.c7f3f41-snapshot', '1.0.ce4a108-snapshot', '1.0.e8cfea6-snapshot', '1.0.fcafc78-snapshot', '1.24d295a-snapshot', '1.6c20a06-snapshot', '1.9f4d66d-snapshot', '1.ad2ae66-snapshot'])
('dcsgva-devsecops-prd/ms-twitter-subscriber', ['1.0.08a4ed1-snapshot', '1.0.0f8a9aa-snapshot', '1.0.2027d1c-snapshot', '1.0.227bb5e-snapshot', '1.0.26fe43a-snapshot', '1.0.2f9cb42-snapshot', '1.0.34235fb-snapshot', '1.0.449d41d-snapshot', '1.0.4de888d-snapshot', '1.0.66cc970-snapshot', '1.0.73ed1e7-snapshot', '1.0.7632c94-snapshot', '1.0.770fb94-snapshot', '1.0.90c3695-snapshot', '1.0.9110079-snapshot', '1.0.917903e-snapshot', '1.0.9656c91-snapshot', '1.0.97e86db-snapshot', '1.0.9ebed17-snapshot', '1.0.b114ddb-snapshot', '1.0.b8eca3a-snapshot', '1.0.bc758c8-snapshot', '1.0.c05bfae-snapshot', '1.0.c6e0b49-snapshot', '1.0.cd01ff2-snapshot', '1.0.d00041a-snapshot', '1.0.d5b072b-snapshot', '1.0.d9bb9eb-snapshot', '1.0.e3a89f8-snapshot', '1.0.ede8370-snapshot'])
('dcsgva-devsecops-prd/nginx', ['latest'])
('dcsgva-devsecops-prd/nginx-exporter', ['0.4.2-debian-9-r98'])
('dcsgva-devsecops-prd/postgres', ['10.10-alpine', '9.6.2'])
('dcsgva-devsecops-prd/quay.io/kubernetes-ingress-controller/nginx-ingress-controller', ['0.15.0', '0.28.0'])
('dcsgva-devsecops-prd/sonarqube', ['7.9.1-community'])
('dcsgva-devsecops-prd/wget', ['1.0'])
('dcsgva-devsecops-prd/yq', ['2.4.1'])
('dcsgva-devsecops-stg/add_ip', ['latest'])
('dcsgva-devsecops-stg/alpine', ['3.10.3'])
('dcsgva-devsecops-stg/busybox', ['1.31'])
('dcsgva-devsecops-stg/dcsgva-release-cloud-builder', ['2.0.183a08a', '2.0.4bfcae4', '2.0.a3af740', '2.0.d118151', 'latest'])
('dcsgva-devsecops-stg/dcsgva-sonarqube-scanner', ['4.2.0.1873.01ac650', '4.2.0.1873.4058a39', '4.2.0.1873.4b54ffe', '4.2.0.1873.9c12905', '4.2.0.1873.baa79d3'])
('dcsgva-devsecops-stg/delete_ip', ['latest'])
('dcsgva-devsecops-stg/helm', ['latest'])
('dcsgva-devsecops-stg/microservice-scanner', ['latest'])
('dcsgva-devsecops-stg/minideb', ['latest'])
('dcsgva-devsecops-stg/ms-gcp-cscc-publisher', ['1.0.dfd41d3-snapshot'])
('dcsgva-devsecops-stg/postgres', ['10.10-alpine', '9.6.2'])
('dcsgva-devsecops-stg/sonarqube', ['7.9.1-community'])
('dcsgva-devsecops-stg/wget', ['1.0'])
('dcsgva-devsecops-stg/yq', ['2.4.1'])
('dcsgva-lab-sandbox-alistair/gcf/europe-west2/a556f1fd-04b7-43cf-8621-e33c3ce5c271', ['helloGET_version-1'])
('dcsgva-lab-sandbox-alistair/gcf/europe-west2/a556f1fd-04b7-43cf-8621-e33c3ce5c271/cache', ['latest'])
('dcsgva-lab-sandbox-alistair/gcf/europe-west2/a556f1fd-04b7-43cf-8621-e33c3ce5c271/worker', ['latest'])
('dcsgva-lab-sandbox-ben/github.com/gva-bmorton/git-gcr-cloudrun', ['35d2aa18269abbd4e868a951773972132b158183', '36f34016194a899ea4bc3ca6a371752c37fe30bf', '69fc1f6234835b2558d5070dc2e21e6f696e3073', '6f8e3e4e1d79ac23c162e4e038ddaadb3a05b409', '969b8428b3a0457d34219b32fe49c0bf2a307305', 'a41b9fd6c63d25ccf05315813e65065359549dac', 'bab0b7f2d2d5614e1020b334ba5297a952843ad7', 'e0951b25b686598820a330970a98be84d727b945', 'e579ecb206b1752783b9d40792daa674805bda03', 'eecf46d104c0e8a1c4d8ee990c6a597f95724111'])
('dcsgva-lab-sandbox-jonathan/api', ['latest'])
('dcsgva-lab-sandbox-jonathan/mitre', ['latest'])
('dcsgva-lab-sandbox-jonathan/nvd-cve', ['latest'])
('dcsgva-lab-sandbox-nick/repolist', ['latest'])
('dcsgva-lab-sandbox-nick/weatherapi', ['latest'])
('dcsgva-lab-sandbox-paul-gould/fastapi-tutorial', ['latest'])
('dcsgva-lab-sandbox-paul-gould/helloworld', ['latest'])
('dcsgva-lab-sandbox-pdsp/acquire-exploit-data', ['latest'])
('dcsgva-lab-sandbox-pdsp/acquire-fireeye-exploit-data', ['latest'])
('dcsgva-lab-sandbox-pdsp/helloworld', ['latest'])
('dcsgva-lab-sandbox-pdsp/ms-exploit-data', ['latest'])
('dcsgva-lab-sandbox-sudhanshu/pushapi', ['latest'])
